,Lasso,ElasticNet,RandomForest,XGBoost,STABL Lasso,STABL ElasticNet,STABL RandomForest,STABL XGBoost
Lasso,1.0,0.139906933738046,1.050616043210134e-39,1.5624165608651705e-33,0.063327788766469,0.0003231011838895952,3.810327299478237e-28,1.7739528847522543e-24
ElasticNet,0.139906933738046,1.0,7.394464943792144e-41,4.252837040633758e-36,4.4935491515477015e-07,2.5366986787716803e-09,2.4106541753284637e-32,2.7462077599411626e-31
RandomForest,1.050616043210134e-39,7.394464943792144e-41,1.0,5.081421164979731e-41,7.439985182235079e-41,2.838100412911569e-40,1.6497356820553288e-27,1.075760973708641e-31
XGBoost,1.5624165608651705e-33,4.252837040633758e-36,5.081421164979731e-41,1.0,4.273037264655121e-36,8.460716042994232e-35,2.067111291371908e-10,2.049285739353886e-17
STABL Lasso,0.063327788766469,4.4935491515477015e-07,7.439985182235079e-41,4.273037264655121e-36,1.0,0.029898299307692413,1.3539606502437505e-34,6.573394777859887e-34
STABL ElasticNet,0.0003231011838895952,2.5366986787716803e-09,2.838100412911569e-40,8.460716042994232e-35,0.029898299307692413,1.0,3.2318139350839915e-33,1.4986327901538295e-32
STABL RandomForest,3.810327299478237e-28,2.4106541753284637e-32,1.6497356820553288e-27,2.067111291371908e-10,1.3539606502437505e-34,3.2318139350839915e-33,1.0,0.005647793472078692
STABL XGBoost,1.7739528847522543e-24,2.7462077599411626e-31,1.075760973708641e-31,2.049285739353886e-17,6.573394777859887e-34,1.4986327901538295e-32,0.005647793472078692,1.0
