,Lasso,ElasticNet,RandomForest,XGBoost,STABL Lasso,STABL ElasticNet,STABL RandomForest,STABL XGBoost
Lasso,1.0,0.11732748810269564,6.559622051222227e-07,2.8905892969229835e-06,0.26982170190201116,0.5592982707761518,0.26739636121347976,0.5548129835052626
ElasticNet,0.11732748810269564,1.0,6.602689623641059e-07,2.9054994431635135e-06,0.44073390329650697,0.3484797805979246,4.566376111464484e-05,4.7144426424007705e-05
RandomForest,6.559622051222227e-07,6.602689623641059e-07,1.0,2.185902441024536e-06,6.559622051222227e-07,6.777362525256385e-07,4.835916198218479e-07,5.107450734320412e-07
XGBoost,2.8905892969229835e-06,2.9054994431635135e-06,2.185902441024536e-06,1.0,2.8905892969229835e-06,2.9657782815406352e-06,2.2760631419476453e-06,2.375436873222354e-06
STABL Lasso,0.26982170190201116,0.44073390329650697,6.559622051222227e-07,2.8905892969229835e-06,1.0,0.7546232387161167,0.00014445324920776335,0.0005445629722751506
STABL ElasticNet,0.5592982707761518,0.3484797805979246,6.777362525256385e-07,2.9657782815406352e-06,0.7546232387161167,1.0,0.008273480590634465,0.03164491727425774
STABL RandomForest,0.26739636121347976,4.566376111464484e-05,4.835916198218479e-07,2.2760631419476453e-06,0.00014445324920776335,0.008273480590634465,1.0,0.0278190232040491
STABL XGBoost,0.5548129835052626,4.7144426424007705e-05,5.107450734320412e-07,2.375436873222354e-06,0.0005445629722751506,0.03164491727425774,0.0278190232040491,1.0
