,Lasso,ElasticNet,RandomForest,XGBoost,STABL Lasso,STABL ElasticNet,STABL RandomForest,STABL XGBoost
Lasso,1.0,0.7681645910298535,0.3928625410882848,0.022082725957442557,0.2784121156707181,0.5148452836562885,0.8864787730441244,0.8128323204494863
ElasticNet,0.7681645910298535,1.0,0.4054202547124459,0.022702157638358707,0.3548927481885068,0.5684680308587179,0.7652673095495253,0.9586511733868132
RandomForest,0.3928625410882848,0.4054202547124459,1.0,0.010227629309428377,0.5791759687411377,0.6211206118054053,0.35352500801076914,0.3651340028885848
XGBoost,0.022082725957442557,0.022702157638358707,0.010227629309428377,1.0,0.04421831415088231,0.046939321744853164,0.023407545377021007,0.028057732992437592
STABL Lasso,0.2784121156707181,0.3548927481885068,0.5791759687411377,0.04421831415088231,1.0,0.927898632539522,0.31906275931220485,0.45804385665477243
STABL ElasticNet,0.5148452836562885,0.5684680308587179,0.6211206118054053,0.046939321744853164,0.927898632539522,1.0,0.4496425890547493,0.5752616259846182
STABL RandomForest,0.8864787730441244,0.7652673095495253,0.35352500801076914,0.023407545377021007,0.31906275931220485,0.4496425890547493,1.0,0.8089294224147323
STABL XGBoost,0.8128323204494863,0.9586511733868132,0.3651340028885848,0.028057732992437592,0.45804385665477243,0.5752616259846182,0.8089294224147323,1.0
