,Lasso,ElasticNet,RandomForest,XGBoost,STABL Lasso,STABL ElasticNet,STABL RandomForest,STABL XGBoost
Lasso,1.0,0.9301682710389796,1.154041078828108e-32,1.5435809316878364e-09,0.0014511415843549455,1.697773480169703e-07,1.154041078828108e-32,1.3723856065211983e-05
ElasticNet,0.9301682710389796,1.0,3.869292895724583e-39,1.056572085455077e-09,0.004703870227092759,2.3548616158438285e-07,3.869292895724583e-39,1.696757201930535e-06
RandomForest,1.154041078828108e-32,3.869292895724583e-39,1.0,7.216055139269185e-41,7.474305071959398e-41,1.6819963215646006e-42,1.0,1.0594354479565346e-39
XGBoost,1.5435809316878364e-09,1.056572085455077e-09,7.216055139269185e-41,1.0,5.690358836651996e-36,7.560462578113152e-27,7.216055139269185e-41,2.1302114318629267e-33
STABL Lasso,0.0014511415843549455,0.004703870227092759,7.474305071959398e-41,5.690358836651996e-36,1.0,0.0008652550555022455,7.474305071959398e-41,7.841878839688085e-24
STABL ElasticNet,1.697773480169703e-07,2.3548616158438285e-07,1.6819963215646006e-42,7.560462578113152e-27,0.0008652550555022455,1.0,1.6819963215646006e-42,2.260509057841516e-05
STABL RandomForest,1.154041078828108e-32,3.869292895724583e-39,1.0,7.216055139269185e-41,7.474305071959398e-41,1.6819963215646006e-42,1.0,1.0594354479565346e-39
STABL XGBoost,1.3723856065211983e-05,1.696757201930535e-06,1.0594354479565346e-39,2.1302114318629267e-33,7.841878839688085e-24,2.260509057841516e-05,1.0594354479565346e-39,1.0
