,Lasso,ElasticNet,RandomForest,XGBoost,STABL Lasso,STABL ElasticNet,STABL RandomForest,STABL XGBoost
Lasso,1.0,0.7680118798468953,0.0006078314152168266,0.9666805927783652,0.044885411703301306,0.11016458961131223,1.560662347435327e-05,0.0023197790351167273
ElasticNet,0.7680118798468953,1.0,2.728355008776625e-05,0.7379343093556577,0.07359259065628337,0.17328037359122916,5.463356784365455e-05,0.0047061418492232955
RandomForest,0.0006078314152168266,2.728355008776625e-05,1.0,6.559622051222227e-07,2.509085851042961e-06,2.2615104028108457e-06,8.265685662204696e-08,6.711407359499773e-07
XGBoost,0.9666805927783652,0.7379343093556577,6.559622051222227e-07,1.0,5.54331898549618e-05,0.010055682331864954,6.559622051222227e-07,3.2173425465154984e-06
STABL Lasso,0.044885411703301306,0.07359259065628337,2.509085851042961e-06,5.54331898549618e-05,1.0,0.5736721501052179,2.7716599669811702e-05,0.19735553041802456
STABL ElasticNet,0.11016458961131223,0.17328037359122916,2.2615104028108457e-06,0.010055682331864954,0.5736721501052179,1.0,0.32706966980448526,0.35907989899904547
STABL RandomForest,1.560662347435327e-05,5.463356784365455e-05,8.265685662204696e-08,6.559622051222227e-07,2.7716599669811702e-05,0.32706966980448526,1.0,6.711407359499773e-07
STABL XGBoost,0.0023197790351167273,0.0047061418492232955,6.711407359499773e-07,3.2173425465154984e-06,0.19735553041802456,0.35907989899904547,6.711407359499773e-07,1.0
